<?xml version="1.0" encoding="UTF-8"?>
<beans:beans xmlns="http://www.springframework.org/schema/mvc"
	xmlns:xsi="http://www.w3.org/2001/XMLSchema-instance"
	xmlns:beans="http://www.springframework.org/schema/beans"
	xmlns:context="http://www.springframework.org/schema/context"
	xsi:schemaLocation="http://www.springframework.org/schema/mvc http://www.springframework.org/schema/mvc/spring-mvc.xsd
		http://www.springframework.org/schema/beans http://www.springframework.org/schema/beans/spring-beans.xsd
		http://www.springframework.org/schema/context http://www.springframework.org/schema/context/spring-context.xsd">

	<!-- DispatcherServlet Context: defines this servlet's request-processing infrastructure -->
	
	<!-- Enables the Spring MVC @Controller programming model -->
	<annotation-driven />

	<!-- Handles HTTP GET requests for /resources/** by efficiently serving up static resources in the ${webappRoot}/resources directory -->
	<resources mapping="/resources/**" location="/resources/" />

	<!-- Resolves views selected for rendering by @Controllers to .jsp resources in the /WEB-INF/views directory -->
	<beans:bean class="org.springframework.web.servlet.view.InternalResourceViewResolver">
		<beans:property name="prefix" value="/WEB-INF/views/" />
		<beans:property name="suffix" value=".jsp" />
	</beans:bean>
	
	<context:component-scan base-package="com.voicelock.otp" />
	
		<beans:bean id="factoryDAO" class="com.voicelock.otp.dao.FactoryDAO"  factory-method="getInstance">
		<beans:constructor-arg value="oracle.jdbc.driver.OracleDriver" />
		<beans:constructor-arg value="jdbc:oracle:thin:@localhost:1521:XE" />
		<beans:constructor-arg value="vdl" />
		<beans:constructor-arg value="voice" />
	</beans:bean>
<!-- 		<beans:bean id="factoryDAO" class="com.voicerock.otp.dao.FactoryDAO"  factory-method="getInstance">
		<beans:constructor-arg value="com.mysql.jdbc.Driver" />
		<beans:constructor-arg value="jdbc:mysql://umj64-007.cafe24.com/WebMysql" />
		<beans:constructor-arg value="cokal12" />
		<beans:constructor-arg value="password" />
	</beans:bean> -->
	
	
	
</beans:beans>
